"title";"body";"rating";"review_date";"source";"curated";"reviewer_name";"reviewer_email";"product_id"
"Tolles Gerät!";"Der CX 5.1 ist ein klasse Gerät. Die Bewegung ist wie beim Laufen. Der Preis ist unschlagbar günstig für diese Qualität. Nur die Lieferung hat leider gedauert, weil er ausverkauft war.";"5";"2017-12-21 00:00:00";"";"";"Martin Bertsch";"anonym@gsg.com";"8150186393816"
"Gefällt mir";"Der Crosstrainer hat einen langen Schritt. Das ist sehr gut, weil ich gerne schnell laufe. Preis und Leistung sind gut. Spedition war auch gut.";"5";"2017-11-14 00:00:00";"";"";"Robert Makacz";"anonym@gsg.com";"8155033731288"
"Prima verarbeitet, leicht im handling.";"Um meine Rückenproblemen etwas vorzubeugen, habe ich nach einem robusten Rückentrainer für den täglichen Gebrauch gesucht, daher habe ich diesen Trainer gekauft. Die Lieferung erfolgte gewohnt schnell. Das Gerät war mit Standardwerkzeug (Maulschlüssel und Ratsche) schnell aufgebaut. Das Gerät ist einwandfrei verarbeitet und sauber lackiert. Wackelt nicht, steht fest. ich bin 1,90m und ich benötige noch nicht die maximale Höheneinstellung, also sollte das Gerät auch für größere Personen geeignet sein.";"5";"2017-12-18 00:00:00";"";"";"Mustermann";"anonym@gsg.com";"8155773599960"
"Habe das Rudern als Ganzkörpertraining für mich entdeckt";"Seit über 10 Jahren sitze ich fast den ganzen Tag im Büro und das rächste sich irgendwann durch Rückenbeschwerden. Die Körperhaltung hat natürlich auch gelitten und die stützende Muskulatur war untrainiert. Abhilfe sollte eigentlich ein Crosstrainer, der als Ganzkörpertrainingsgerät sehr gut geeignet ist, schaffen. Aus mangelnder Deckenhöhe im Kellerraum konnte ich jedoch keinen Crosstrainer einsetzen. Jemand hat mir das Rudertraining für meine Haltungsprobleme nahegelegt und so habe ich ein Rudergerät 8.1 als Alternative zum Crosstrainer angeschafft. 

Mittlerweile trainiere ich drei bis vier Mal pro Woche auf dem Ruderergometer und schaffe trotz mangelnder Ausdauer locker eine Stunde durchzuhalten. Schon nach zwei Wochen bemerkte ich, dass sich meine Körperhaltung zum Besseren verändert hatte. Es war plötzlich einfacher und natürlicher, aufrechter zu gehen. Das Rudertraining hat den Muskelaufbau im Rücken und am Bauch angeregt. Beim Rudern spürt man schnell, welche Muskeln gefordert werden. Man benötigt nicht einmal viel Widerstand. Eine flüssige Ruderbewegung bei 22-23 Schlägen pro Minute ist für mich als noch relativ Untrainierten ideal, um pro Trainingstag eine Stunde durchzuhalten. Mein Puls ist dabei im Bereich von etwa 110 Schlägen pro Minute. Also alles sehr entspannt. 

Damit die Zeit auf dem Ruderergometer nicht zu lange wird, schaue ich dabei Serien. Und die Serien schaue ich auch nur im Trainingsraum, denn ich freue mich immer, wenn ich weiterschauen kann und mache dabei Sport. Die Familie habe ich mit dem Rudern auch schon agesteckt. Ich freue mich sehr, dass der ursprünglich ausgesuchte Crosstrainer nicht in den Keller passte. 

Der Ruderergometer 8.1 ist leise und bietet alles, was ich zuhause zum Rudern brauche. Klappen kann man das Gerät sehr leicht. Stabil ist der 8.1 auch. Eine gute Anschaffung.";"5";"2018-01-08 00:00:00";"";"";"Manuel Scheppach";"anonym@gsg.com";"8143823143128"
"Ein ideales Ergometer für den Heimbereich.";"Von der Bestellung bis zur Lieferung hat alles geklappt.

Der Aufbau war einfach.
Einen kleines Missverständniss in der Montageanleitung mit dem gelieferten Montagezzbehör War jedoch zu verzeichnen:
""Der mitgelieferte Inbusschlüssel passte zum Teil nicht in die Schraubenköpfe. Diese waren für den Schlüssel zu groß. Auch die Schraubenbezeichnung für die Montage des Computers hat mit der Beschreibung nicht gestimmt. ""

Die mitgelieferte Rückenlehne stimmte auch nicht mit der Abbildung überein. Vermutlich ist die Produktionsbedingt.

Ansonsten war der Aufbau sehr einfach.

Für die kleinen Abweichungen gibt es daher nur 4 Sterne.

Jedoch in der Altagstaugluchkeit ist diese Recumbent Ergometer im Preis- Leistungsverhältnis unschlagbar gut.";"5";"2018-03-12 00:00:00";"";"";"Andreas Engmann";"anonym@gsg.com";"8155597766872"
"Super zum schnellen Laufen";"Das TX 8.1 ist sehr groß und schwer und eignet sich gut für das lange und schnelle Laufen. Der Aufbau war einfach und die Bedienungsanleitung ist gut. Top Preis!";"5";"2017-10-17 00:00:00";"";"";"Olaf";"anonym@gsg.com";"8155610808536"
"Nettes Gerät";"Die Lieferung klappte innerhalb weniger Tage, also perfekt! Der Aufbau war überraschend einfach. Zu Zweit schafft man das locker in 30 Minuten. Die Nutzung ist ganz einfach und macht Spass. Selbst nach den ersten Tagen der Nutzung fühlen wir uns angenehm leicht und entspannt.";"5";"2018-02-14 00:00:00";"";"";"An";"anonym@gsg.com";"8155773534424"
"spitzen massage";"massiert super und tut dem rücken gut.besser als billigsessel.nicht billig aber echt gut.";"5";"2018-03-13 00:00:00";"";"";"Nicola";"anonym@gsg.com";"8155779793112"
"Voller Überzeugung - volle Punktzahl";"Ich habe als ernsthaft trainierender Athlet eine schwere Ausführung einer Beinpresse für zu Hause gesucht, um eine alternative zu Kniebeugen zu haben.
Das Gerät überzeugt mich von A bis Z
Topp verarbeitete schwere Stahlkunstruktion die das Training so ermöglichen wie es sein soll. Kein Unterschied zu einem Gerät im Fitnesscenter. 

Der Aufbau hat ca. 2 Stunden gedauert und man braucht eine 2. Person dazu.
Die meisten Schrauben sind schon vormontiert und müssen nur noch festgeschraubt werden nach vorherigem zusammenfügen. 

Die Lieferung erfolgte 3 Tage nach Bezahlung kostenlos per Spedition auf Palette bis zur Haustür.";"5";"2017-11-07 00:00:00";"";"";"Christian Rack";"anonym@gsg.com";"8155773501656"
"Top";"Tolle Verarbeitung
Super Preis-Leistugsverhältnis";"5";"2017-08-17 00:00:00";"";"";"Sergej Mai";"anonym@gsg.com";"8162338963672"
"insgesamt begeistert !";"Habe den Maxxus 20,0 seit einer Woche und bin total begeistert.";"5";"2017-11-14 00:00:00";"";"";"Kalich, Bautzen";"anonym@gsg.com";"8155779760344"
"alles bestens.....";"Der Grill ist jeden Euro wert.....top";"5";"2018-03-07 00:00:00";"";"";"Bernd";"anonym@gsg.com";"8155757379800"
"Absolute Spitzenklasse in allen Kategorien.";"Der Service von Maxxus Sucht seinesgleichen. Das betrifft die Kaufberatung, den Kundenservice und auch die Produktqualität. Absolute Spitzenklasse!";"5";"2017-11-07 00:00:00";"";"";"Bernhard";"anonym@gsg.com";"8162338996440"
"Super Grill zum mehr als fairen Preis.";"Ein sehr schöner Grill zum spitzen Preis.  Verarbeitung besser als gedacht. Eig keine scharfen Kanten und der zsm Bau hat super mit 2 man in 1,5 std geklappt. Super schneller Versand.
Das Wichtigstes aber ist das Grill Ergebnis. Vom Feinsten , ich denke ein gewisser anderer Hersteller kann das nicht besser. Kann den BBQ Chief 12 nur weiter empfehlen.";"5";"2018-01-04 00:00:00";"";"";"M.L";"anonym@gsg.com";"8188330967256"
"Top Gerät";"Sehr stabiles und hochwertig verarbeitetes Gerät. Sehr gute Aufbauanleitung. Vielseitige Programme. Schrittlänge auch für große Personen geeignet. Preis absolut gerechtfertigt.";"5";"2018-11-26 19:56:23";"";"";"Anonym";"anonym@gsg.com";"8155033731288"
"Preis-/Leistungsverhältnis: Gut ;8]";"Die Schrittlängenverstellung bei diesem Gerät ist herausragend unter den Crosstrainern. Sowas findet man nicht so leicht, obwohl es eine klasse Idee ist. Der Zusammenbau ist auch alleine machbar, aber man muss schon einiges beachten: So gibt es äußerst schwere Geräteteile, welche lieber (dem Rücken wegen) eigentlich von zwei Leuten getragen werden sollten. Selbiges ist bei der Anlieferung der schweren Kartons zu beachten. Die Schraubverbindungen dürfen nicht zu fest, noch zu locker angezogen werden; sonst entstehen ggf. Knackgeräusche an den Gelenken oder andere unschöne Nebenwirkungen. Es war am Anfang nicht leicht die Balance zu finden. Mein erstes Training musste ich dreimal unterbrechen um entstandene Geräusche zu untersuchen und zu beseitigen, aber mitlerweile verstehe ich mich ganz gut mit dem Gerät. Dennoch sind immer gelegentliche Wartungsarbeiten notwendig (Gleitschienen reinigen und schmieren und andere Dinge, die mit der Zeit notwendig werden). Das Gerät läuft sehr leise. Daumen hoch. Es ermöglicht ein angenehmes Heimtraining. Der Polar Pulsgurt sendet den Puls einwandfrei an das Gerät.\r\n\r\nBei meinem Gerät befindet sich auf der Innenseite der Displayabdeckung ein schmieriger Fettstreifen. Das ist nicht schön, fällt aber nur auf wenn das Licht entsprechend auf das Display fällt. Die mitgelieferten Imbusschlüssel sind in Ordnung, das Multifunktionswerkzeug nicht. Wer besseres Werkzeug hat sollte jenes gleich wegschmeißen. Ansonsten wird es aber auch seinen (schlechten) Dienst verrichten.\r\n\r\nNach mitlerweile fünf Trainingseinheiten ziehe ich Bilanz und bin zufrieden. Ich kann natürlich nichts zur Langlebigkeit des Gerätes sagen. Ich hoffe die Qualität ist angemessen. Es gibt nur kleine Makel, die ich fairerweise in die Bewertung einbeziehen muss. Die Bedienungsanleitung ist fehlerhaft, das verschmierte Display erwähnte ich bereits, die Abdeckungen für die oberen Achsen an der Säule sind leicht problematisch finde ich (ich habe sie jetzt weggelassen / ermöglicht auch schnellere Wartung bzw. Kontrolle der Achsen), die Displayanzeige ist nervig (die Anzeige wechselt alle paar Sekunden von Tempo auf Umdrehungen, Puls, Kalorien, Watt, Distanz und das, obwohl alles auch unten in den kleinen Feldern steht. Wenn ich einstelle dass ich z.B. 30 Minuten trainieren möchte, möchte ich dort nur die Zeit rückwärts laufen sehen. Wenn ich eine Strecke abstrampeln möchte, dann möchte ich nur die Strecke angezeigt bekommen usw. Auch der Wert unten links ändert sich. Das hätte man wirklich besser machen können), die beworbenen Apps sind schlecht.\r\n\r\nZum Service von Maxxus kann ich noch nicht viel sagen. Ich denke man kann mir weiterhelfen, sollten mal Probleme auftauchen. Das Gerät wurde schnell auf den Weg gebracht. Ich hoffe ich konnte einen hilfreichen Eindruck vermitteln. Ich denke das Produkt ist empfehlenswert, stabil, hat alle wichtigen Funktionen und gute Eigenschaften. Es macht mir Spaß alle zwei Tage darauf zu trainieren und glaube dass ich es auch so belassen werde.";"4";"2019-01-22 15:18:25";"";"";"Anonym";"anonym@gsg.com";"8150977151192"
"Super!";"Ich bin mit der Multipresse MAXXUS 10.1 bislang sehr zufrieden. \r\nAlle beweglichen Elemente wie z. B. die Rollen oder Schienen laufen sehr flüssig.\r\nDie Kabel bzw. Seile laufen einwandfrei in den dafür vorgesehenen Führungen. \r\n\r\nDie Lieferung erfolgte in zwei einzelnen Umverpackungen. \r\nIm ersten Karton war die Hantelbank mit den Anbauteilen enthalten.\r\nDie Multipresse selbst war in einer Holzkiste verpackt. Alle Anbauteile waren sehr gut mit Folie eingepackt, sodass während des Transports keine Beschädigungen passieren konnten. \r\n\r\nDie Aufbauanleitung war gut und verständlich. Jedoch gab es an einer Stelle eine Unstimmigkeit, da dort der Text aus einem vorherigen Arbeitsschritt reinkopiert wurde. Anhand der Bilder klappt aber auch das letztendlich, wenn auch leicht verzögert. \r\n\r\nAlle Bohrungen passten bei uns einwandfrei. Lackschäden waren auch absolut keine vorhanden. \r\n\r\nDas Training macht mit der Multipresse (an der man auch mit einer freien Langhantel trainieren kann) sehr viel Spaß und kann wirklich sehr vielfältig gestaltet werden.\r\nBislang konnte ich alle Übungen und Variationen, wie auch im Fitnessstudio, ausführen. Ich habe absolut keine Einschränkungen. Durch separat erhältliche Griffe können die Möglichkeiten bei Bedarf noch erweitert werden. Auch die Erweiterung der Hantelbank für z. B. das Beintraining ist wirklich gut gelungen. Ich persönlich bin sehr zufrieden mit der Kaufentscheidung. \r\n\r\n";"5";"2019-01-28 10:41:37";"";"";"Anonym";"anonym@gsg.com";"8162339061976"
"Gutes Laufband";"Die Lieferung war einwandfrei und auch der Aufbau war einfach und schnell.\r\nDie Programme sind vielfältig und mit einem Brustgurt von POLAR sowie der App FitShow macht das Laufen richtig spaß.\r\nDer einzig negative Punkt ist die Programmsprache, die leider nicht in Deutsch zur Verfügung steht. Somit würde ich 4,5 Sterne geben.";"5";"2019-02-28 14:52:43";"";"";"Anonym";"anonym@gsg.com";"8155610775768"
"Service und Aufbau";"Telefonische Beratung vor dem Kauf durch Herrn Ehlert = top. Freundlich und kompetent. Gute pünktliche Lieferung nach Absprache mit dem Spediteur. Aufbau völlig problemlos in 1,5 Stunden mit zwei Mann.\r\nAngrillen war auch super. Den Grill kann man mit ruhigem Gewissen empfehlen.\r\n\r\nP. Köhler";"5";"2019-02-28 15:21:07";"";"";"Anonym";"anonym@gsg.com";"8155757379800"
"Hervorragendes Gerät auch für mobilitätseingeschränkte Personen";"Super bequemes Bike, das nicht nur mit tiefem Einstieg, sondern vor allem mit der ergonomischen Lenkerstellung punkten kann. Die horizontale Griffmöglichkeit findet man sonst nur bei erheblich hochpreisigeren Bikes - häufig Studioqualität und für den Heimgebrauch überdimensioniert. Dieses Bike ist wegen der ergonomischen Griffmöglichkeit auch für Personen mit neuromuskulären Erkrankungen, MS, Arthrose etc. hervorragend geeignet (bin selbst schwerbehindert). Und natürlich auch für Senioren und gesunde Personen, die einfach nur bequem fahren und Spaß haben wollen. Der Sattel ist ein Traum, auch nach langen Fahrten. Als Vielfahrerin bin ich begeistert und erleichtert, dass mein altes Bike den Geist aufgegeben hat und ich bei der Suche nach einem Ersatzgerät auf das Maxxus 4.2 gestoßen bin. Hätte ich es bloß früher gefunden...\r\nGroßes Kompliment auch an den Maxxus Vertrieb, super Beratung und sehr persönlicher Umgang. Danke dafür!";"5";"2019-03-12 14:57:09";"";"";"Anonym";"anonym@gsg.com";"8150981312728"
"Fazit nach 2 Jahren";"Das Gerät habe ich seit 2 Jahren in Betrieb, ca. 2 bis 3 mal in der Woche.\r\nDie folgenden Punkte sind jetzt aufgetreten.\r\n\r\n- knarzende Geräusche beim ich sage mal Zugbeginn. Laut Auskunft vom Service ist hier die Rückholeinheit zu ersetzen. Laut Service kostet diese ~ 70€\r\n\r\n- knarzende Geräusche auf einen bestimmten Punkt der Laufschiene. Die Ursache hierfür ist, dass die Laufschiene an der knarzenden Ecke Beschädigungen aufweist. Meiner Meinung nach, ist das ein Materialfehler.\r\n\r\nLeider sind diese Probleme laut Auskunft vom Service nicht über Garantie abzuwickeln.\r\n\r\nFazit, das Rudergerät ist bis auf diese Schwächen gut - vom Service bin ich nicht begeistert.";"2";"2019-03-22 10:41:54";"";"";"Anonym";"anonym@gsg.com";"8143823143128"
"Klasse Verarbeitung";"Das Gerät ist sehr gut verarbeitet. Ich hatte zuvor ein günstigeres Gerät gekauft, dass ich aufgrund der miserablen Verarbeitung zuückschicken musste. Der Zusammenbau hatte ca. 30 Minuten gedauert. Es ist hilfreich, wenn eine zweite Person mit anpackt. Man liegt sehr bequem auf der gut gepolsterten Liegefläche. Ich kann nur jedem empfehlen bei einem solchen Gerät nicht zu sparsam zu sein. Dieser Schwerkrafttrainer ist jeden Euro wert. Ich würde ihn jederzeit wieder kaufen.\r\n\r\n";"5";"2019-03-24 18:57:14";"";"";"Anonym";"anonym@gsg.com";"8155773534424"
"Laufband 4.2i";"Die Beratung bei Maxxus in Weiterstadt ist super. Das Personal ist sehr kompetent, nimmt sich Zeit für die Kunden und geht auf die Wünsche ein.\r\nDas Laufband ist nicht so riesengroß und gut geeignet für die Wohnung. Für den Zweck des fit-werdens durch laufen ist es absolut ausreichend und sehr zu empfehlen. Ich renne allerdings nicht auf dem Laufband sondern gehe schnellen Schrittes.\r\nIch kann das Laufband nur empfehlen.";"5";"2019-03-28 18:27:34";"";"";"Anonym";"anonym@gsg.com";"8150979182808"
"Laufband für zu Hause";"Das Laufband ist von der Größe her ideal für den Haushalt. Man benötigt keinen extra Raum, da es nicht zu globig wirkt und sich gut in einer Ecke verstauen lässt.\r\nFür die Bedürfnisse der Bewegung ist es gut ausgestattet. Ich renne nicht auf dem Laufband, wäre aber auch kein Problem.\r\nDie Beratung und Betreuung des Personals im Testzentrum in Weiterstadt kann ich nur empfehlen. Da Personal nimmt sich Zeit und berät neutral. Ich würde jederzeit wieder ein Gerät von Maxxus kaufen.";"5";"2019-03-29 11:04:35";"";"";"Anonym";"anonym@gsg.com";"8150979182808"
"gute Beratung, reibungslose Lieferung, gutes Gerät";"Vor dem Kauf war ich bei Maxxus in Weiterstadt und habe mich dort persönlich beraten lassen. Der Verkäufer war sehr hilfreich und hat mir genau erklärt, wo die Unterschiede in der Ausstattung der einzelnen Kraftstationen liegen. \r\nDer Versand hat reibungslos zum vereinbarten Termin geklappt. Die mitgelieferte Montageanleitung war aufgrund der detaillierten Bilder sehr verständlich, sodass auch beim Aufbau keine Probleme auftraten. Das Gerät ist bei mir mittlerweile 3 Monate in Gebrauch und ich bin sehr zufrieden mit der Qualität und dem Handling.";"5";"2019-04-02 14:54:53";"";"";"Anonym";"anonym@gsg.com";"8162338963672"
"super Ware, angenehmes Trainieren";"Der Boxsack war leicht aufzubauen. Ursprünglich wollte ich den Standfuß des Boxsacks mit Sand füllen, aufgrund einer Verengung zwischen Einfüllöffnung und dem eigentlichen Behälter habe ich mich allerdings für Wasser entschieden, da ich Angst vor einer Verblockung hatte. Aber auch mit einer Wasserfüllung stet der Boxsack sehr sicher. Alles in allem ein super Trainingsgerät für Kampfsportler, die sich auch gerne mal zuhause ohne Trainingspartner austoben wollen. Ich habe den Boxsack jetzt ca. 1,5-2 Jahre und bin sehr zufrieden mit der Qualität des Produktes.";"5";"2019-04-02 15:22:14";"";"";"Anonym";"anonym@gsg.com";"8151068704984"
"mbm";"hujuhj";"5";"2019-05-25 19:34:46";"";"";"Anonym";"anonym@gsg.com";"8162338963672"
"Besser geht es nicht...";"Es handelt sich hierbei um ein multifunktionales All-in-One-Trainings-Gerät für den Home-Gym-Bereich, welches eine Vielzahl von Maschinen vereint und ein umfassendes komfortables Ganzkörpertraining bietet. Im Gegensatz zu vielen „Alleskönnern“, die nichts wirklich gut können, ist dieses Gerät eine Ausnahme (wenn man mit den kleinen Schwächen leben kann). Das Preis-Leistungs-Verhältnis ist außergewöhnlich gut. 
Wer sein Home-Gym aufwerten möchte, ist hiermit gut bedient und wird sicherlich lange Freude daran haben.

Versand:
------------
Der Versand erfolgt grundsätzlich per Spedition. Geliefert wird eine groß-dimensionierte Holzkiste und ein mittelgroßer Karton (Trainingsbank). Die Verpackung ist sehr stabil und hat die Ware sicher geschützt (was auch für die vorbildliche Innenverpackung zutrifft). Die große Kiste hat ein Gewicht von über 200 kg, der Karton kommt mit knapp 50 kg daher. Für die Verladung an den Aufbauort ist in der Regel eine zweite kräftige Person hilfreich.

Aufbau: 
-----------
Die Anleitung ist als Papierdruck und PDF verfügbar (ich nutzte die PDF Version mit einem Beamer). Der Aufbau ist sehr detailliert und logisch beschrieben. Sehr hilfreich ist auch, dass die komplexen Teile bereits vormontiert sind. Eine durchdachte Verpackung sorgt dafür, dass die Schrauben, Muttern, Bolzen und weitere Kleinteile leicht zugeordnet werden können. Das gestaltet den Aufbau sehr angenehm. Auch die größeren Teile sind soweit zerlegt und weitgehend kompakt, sodass man damit auch durch enge Räumlichkeiten manövrieren kann. Mit zwei Personen ist der Aufbau in rund 4 Stunden (je nach Geschick und Helfer auch etwas kürzer) zu bewerkstelligen.

Qualität:
------------
MAXXUS ist eines der wenigen Beispiele, bei dem der Hersteller seine vollmundigen Versprechen tatsächlich einhält. Die Konstruktion wirkt sehr massiv und macht selbst bei höherer Gewichtsbeladung einen stabilen Eindruck. Allerdings schwanken die Aussagen zu den Belastbarkeiten der einzelnen Einheiten je nach Händler sehr stark, was den potentiellen Käufer doch etwas verunsichert. Ob die Zugeinheit 150 kg, 160 kg oder 250 kg Maximal-Gewicht beherrscht, ist für den Anfänger sicherlich zweitranging...trotzdem sollten belastbare Aussagen hierzu getroffen werden. Eine Verbindlichkeit wäre wünschenswert. 
Bezüglich der Langlebigkeit kann ich noch keine Aussagen treffen, da ich das Gerät erst seit 6 Monaten im Einsatz habe. 

Verarbeitung: 
-------------------
Eine grundsolide Verarbeitung und entsprechend robuste Materialien sorgen für gute Qualität. Saubere Schweißnähte, sehr gute Passgenauigkeiten und eine fehlerfreie Lackierung…für den Preis schon außergewöhnlich. Im Training wackelt nichts, quietscht nichts, hakt nichts...perfekt. Wer eine H- oder S-Zulassung sucht, wird hier nicht fündig. Obwohl das Gerät diese sicherlich für den Home-Gym-Bereich locker erfüllen könnte.

Pflege:
---------
Der Pflegeaufwand ist überschaubar und beschränkt sich auf das Ölen von beweglichen Teilen (Lager der Multipresse) und die Kontrolle der Befestigungen (Schrauben, Muttern etc.). Gerade der letzte Punkt sollte sehr akribisch befolgt werden, da es um die eigene Sicherheit geht (und wenig Zeit in Anspruch nimmt).

Aufstellmaße: 
-------------------
Die vom Hersteller angegebenen Maße stimmen zu 100%. Somit vereinfacht dieses die Raumplanung ungemein (im Gegensatz zu manch anderen Herstellern). Auf der Webseite findet man alle notwendigen Maße.   
Auch wenn der Hersteller schreibt, dass das Gerät nicht an Platz spart, ist es doch eines der kompaktesten, die man am Markt kaufen kann. Mit einer Mindest-Raumhöhe von 214 cm bzw. 212 cm lässt sich das Gerät (wie in meinem Fall) auch in einem Keller oder einer Garage aufstellen. Beachten sollte man allerdings, dass die integrierte Klimmzugeinheit bei Ausreizung dieser Grenzen gewissen Einschränkungen bzgl. Zughöhe unterliegt. Auch die Trainingstiefe ist bedingt durch Butterfly und Kabelzugeinheit etwas eingeschränkter als bei offenen Multipressen. 
Lediglich die mitgelieferte Trainingsbank ist ein ziemliches „Monster“. Mit knapp 50 kg und einer stattlichen Länge (welche letztendlich der Beincurler-Einheit geschuldet ist) ist sie, trotz Rollen, etwas unhandlich. 

„The Machine“ (Modell 2019):
-----------------------------------------
In den Broschüren des Herstellers ist alles, was die Funktionalität und die Trainingsmöglichkeiten angeht, sehr gut und umfassend beschrieben. Lediglich eine kleine Trainingsanleitung (auch per YouTube) bzw. eine Trainingsbroschüre fehlt und würde das sehr stimmige Gesamtpaket abrunden (so wie es z.B. ein Schweizer Hersteller macht). 
Auch wäre die Angabe von Übersetzungen bzgl. der Zugmaschine hilfreich. Zu den Belastbarkeiten hatte ich schon etwas geschrieben. 

Smith-Maschine (oder Multipresse):
Positiv: stabile Konstruktion, gute und stabile Führung (Kugellager + Vollstahlwelle), sauberer Lauf, wenig Spiel, integrierte Sicherungshaken, großzügiges Innenmaß der geführten Langhantel mit 113 cm, griffige Rändelung der Hantelstange inkl. einer Mittelrändelung. 
Negativ: Raster der geführten Langhantel bei 13 cm / 12 Stopper (ein engeres Raster wäre wünschenswert), Sicherungshaken „schieben“ sich bei Beladung und entsprechender Nähe zur Langhantel nach außen (d.h. die Sicherheitshaken könnten sich aus der Halterung von selbst lösen), Abstand zwischen geführter Langhantel und Butterfly beträgt nur 23 cm in Kopfhöhe (Verletzungsgefahr), Front-Übungen (z.B. Front-Kniebeugen) sind auf Grund der Konstruktion nicht immer umsetzbar, relativ wenig Platz im hinteren Bereich (z.B. für Ausfallschritte).
Meinung: Im Gegensatz zu den geraden Varianten besitzt diese eine Neigung von 7°, was dem natürlichen Bewegungsablauf zu Gute kommen soll. Ob es Sinn oder Unsinn ist, möchte ich an dieser Stelle nicht beurteilen. Einige Übungen „fühlen“ sich besser an...andere wiederum nicht. Fakt ist, dass der Bewegungsablauf grundsätzlich der Langhantel folgt und eine natürliche Bewegung unterdrückt wird. In Summe ist die Multipresse aber ein sehr sinnvolles Feature, welches eine Vielzahl von Trainingsmöglichkeiten (Calf Raise, Glute Bridge, Good Mornings...) bietet. Lediglich etwas mehr Platz im hinteren Bereich wäre von Vorteil gewesen.

Butterfly:
Positiv: stabile massive Konstruktion, Rückenpolster, 1:1 Übersetzung.
Negativ: Führung durch einfache Bolzen / Schrauben, Butterfly nicht auf Körpermaße einstellbar, Bewegungsablauf nicht optimal bzw. ergonomisch, im vorderen Bereich nicht sauber geführt, Konstruktion „ragt“ weit in den Trainingsbereich der Multipresse hinein (Verletzungsgefahr).
Meinung: Dieses Feature hätte man auch gut weglassen können. Es ist weder gut noch schlecht...mich stört es einfach nur, weil es den Bewegungsspielraum im Gerät einschränkt. Stattdessen hätte man hier eine Latzug-Einheit mit 1:1 Übersetzung unterbringen können.

Freie Langhantel-Ablage:
Positiv: J-Hooks & Safety-Spotter inklusive, hohe Stabilität, einfach anzubringen, gummierte Ablagen.
Negativ: Langhantel sollte ein Innenmaß von mind. 133 cm aufweisen (in der Regel findet man diese sehr selten, da der Standard zwischen 130 cm und 132 cm liegt), Arretier-Funktion für die J-Hooks & Safety-Spotter wären wünschenswert.
Meinung: Ein sehr sinnvolles Feature, dass eine separate Langhantelablage effektiv ersetzen kann (von echten Power-Cages mal abgesehen) und zudem eine hohe Stabilität bietet. Einzig das Manko des benötigten Langhantel-Innenmaßes ist schon mehr als unschön. Was bringt eine Ablage, wenn es dafür kaum (hochwertige) Langhanteln gibt? 

Duplex-Einheit / Latzug-Einheit:
Positiv: Stabile Konstruktion, sauberer Lauf (geringer Widerstand), Duplex-Einheit auch einzeln nutzbar, Griffe & Zugstangen inklusive, 1:1 Übersetzung bei beidseitiger Nutzung, 1:2 bei einseitiger Nutzung bietet mehr Spielraum, maximale Griffweite ist konstruktionsbedingt etwas eingeschränkt, Beinpolster für Latzug-Einheit wird mitgeliefert. 
Negativ: 1:2 Übersetzung am einseitigen Latzug (bzgl. Zuggewicht), Zugweg bei beidseitiger Nutzung beträgt nur 128 cm (konstruktionsbedingt), Anfangszuggewicht beträgt ca. 15 kg, Klimmzug-Einheit „kollidiert“ je Übung mit Duplex-Einheit.
Meinung: Die Duplex-Einheit ist ein gutes und sinnvolles Feature. Für alle, die Kabelzugübungen lieben, ist eine entsprechend große Spielwiese vorbereitet. Auch die Belastbarkeit lässt genügend Spielraum. Kleine Mankos sind die Übersetzung der Latzug-Einheit und die fehlende Verstellbarkeit der Duplex-Einheit (diese gibt es an der 10.1). 

Rudereinheit (Kabelzug unten):
Positiv: Stabile Konstruktion, sauberer Lauf (geringer Widerstand), Griffe & Zugstangen inklusive, 1:1 Übersetzung, hohe Belastbarkeit, Fußplatte für Ruderübungen.
Negativ: Zugweg beträgt nur 128 cm (konstruktionsbedingt), Anfangszuggewicht beträgt ca. 15 kg, für Adduktor- / Abduktor-Training oder Schulterübungen nur bedingt geeignet. 
Meinung: Sehr sinnvolles Feature, welches hoch belastbar ausgelegt wurde. Für Ruderübungen hervorragend geeignet. Der etwas geringe Zugweg wäre das einzige Manko bei anderen Übungen. 

Zugeinheit (allgemein):
Positiv: Stabile Konstruktion, sauber geführte Rollen, feste Übersetzungen von 1:1 oder 1:2, sauber geführter Gewichtsschlitten, hochzugfestes Stahlseil mit Kunststoffummantelung, einstellbare Zugeinheit, hohe Belastbarkeit.
Negativ: Kunststoffrollen ohne Kugellagerung (trotzdem sauberer Lauf), Gewichtsschlitten relativ schwer, Gewichtsschlitten ohne Kugellagerung (einfache, aber hochwertige Kunststoffbuchsen), relativ kurzer Zugweg bei 1:1 Übersetzung (konstruktionsbedingt nicht anders lösbar).
Meinung: Eine Zugeinheit ist in dieser Form eine echte Bereicherung für jedes Home-Gym. Gerade die Umsetzung für sehr niedrige Deckenhöhen in einer wirklichen stabilen Ausführung findet man am Markt nur sehr selten. Eine Latzug-Einheit anstelle des Butterflys hätte das Paket runder wirken lassen.  

Trainingsbank:
Positiv: Stabile massive Konstruktion, sehr standfest, feste Polsterung, Polsterung ergonomisch geformt, per Einstellung auch als Negativ-Bank nutzbar, Neigung verstellbar von -10° (negativ) bis ca. 82°, 8fach Verstellung, multifunktional durch Beincurler- und Scott-Curl-Einheiten, auf Multipressen ausgerichtete Einstell-Mechanik der Sitz- und Liegefläche. 
Negativ: Hohes Eigengewicht, hohe Gesamtlänge durch nicht abnehmbare Beincurler-Einheit, Aufnahme für Scott-Curl-Einheit sehr voluminös, störende „Lücke“ zwischen Sitz- und Rückenfläche (im Liegen), Sitzfläche in der Neigung nicht einstellbar, Sitzfläche nicht arretierbar.
Meinung: Für eine kompakte Multipresse (die im hinteren Bereich geschlossen ist) benötigt man in der Regel Trainingsbänke, deren Sitz- und Liegefläche sich verstellen lassen, ohne dass die Bank verschoben werden muss. Dieses hat der Hersteller gut umgesetzt. Bei einem Tausch gegen eine andere Bank sollte man auf diese Funktionalität achten. 
Insgesamt hinterlässt die Trainingsbank einen gemischten Eindruck. Weniger wäre an der Stelle wohl mehr gewesen. Viele Funktionen machen die Bank sehr „sperrig“. Ich hätte mir persönlich eine abnehmbare Beincurler-Einheit gewünscht.

Scott-Curl-Einheit:
Positiv: Stabile Auslegung, einfacher An- und Abbau, feste Polsterung, großzügige Stützfläche.
Negativ: Ein-Gelenks-Ausführung ist nicht ergonomisch und in Kombination mit der Beincurler-Einheit als „Gewichtsschlitten“ nicht wirklich brauchbar (ungünstiger Hebel, zu geringer Bewegungsradius), Hantelablage fehlt, in sitzender Position zu wenig Platz für freie Hantelübungen.
Meinung: Eine Scott-Curl-Einheit ist schon etwas Spezielles (oder etwas Besonderes), die jedoch einfach umsetzbar gewesen wäre. Auf mich macht die Einheit eher den Eindruck einer „Fehlkonstruktion“, die man in dieser Auslegung hätte weglassen können.  

Beincurler-Einheit:
Positiv: Stabile Ausführung, gute Belastbarkeit, gute Polsterung, Arretierung möglich, einfaches aber sauber laufendes Drehgelenk.
Negativ: Kein kugel- oder rollengelagertes Drehgelenk, relativ geringe Einstellmöglichkeiten bzgl. der eigenen Körpermaße (je 2-fach Verstellung), anatomisch nicht optimale Umsetzung (Rund-Polster der Oberschenkelauflagen liegen höher als die Bank), keine seitlichen Griffe (z.B. für Beinstrecker-Übungen), Rückenlehne kann beim Beinstrecker nicht genutzt werden (mechanisch nicht umsetzbar), Beincurler-Einheit ist fest montiert und nicht abnehmbar. 
Meinung: Ein sehr sinnvolles Feature in Bezug auf Beinbeuger- und Beinstrecker-Übungen. Die Belastbarkeit kann sich sehen lassen und auch die Umsetzung ist in dieser Klasse sehr gut gelungen. Leider macht die Einheit die Trainingsbank sehr sperrig und unhandlich. Darüber kann man aber hinwegsehen. Das Gerät bietet sehr viele Trainingsmöglichkeiten in hoher Qualität. 

Dips-Einheit:
Positiv: Stabil ausgeführt, 2 Griffweiten, einfache Montage und Demontage.
Negativ: Arretierung wäre wünschenswert, kleineres Einhänge-Raster wäre von Vorteil.
Meinung: Sinnvolles Feature, welches in einem Home-Gym nicht fehlen sollte. 

Klimmzug-Einheit:
Positiv: Stabil ausgeführt, verschiedene Griffweiten, gummierte Außengriffe.
Negativ: Eine Griffrändelung wäre sinnvoll gewesen, anstelle der glatten oder gummierten Ausführung, die Konstruktion hätte man weiter „rausziehen“ sollen, um eine Kollision mit der Zugeinrichtung zu vermeiden (und auch die geführte Langhantel ist manchmal im Weg)
Meinung: Sinnvolles und gut umgesetztes Feature mit Verbesserungspotential.  

Zubehör:
Positiv: Insgesamt sehr stimmiges Gesamtpakt, 1 Latzugstange, 1 Zugstange Kurz, 2 Einzelgriffe, T-Bar Ruder-Einheit...
Negativ: einfache (aber vernünftige) Qualität der Zugstangen und Griffe, Trizeps-Seil fehlt im Paket, 
Meinung: Paket ist stimmig und umfangreich.

Ablagen / Halter:
Positiv: Halter für 30 mm und 50 mm Hantelstangen vorhanden, Je Seite 3 Ablagen zur 50 mm Hantelscheiben, stabile Ausführung.
Negativ: 4 Ablagen je Seite wären sinnvoller gewesen (und wären auch realisierbar).
Meinung: Insgesamt rundes Gesamtpaket. Eine weitere Ablage für Hantelscheiben wäre sinnvoll gewesen, aber auch mit 3 lässt es sich gut leben. 

Persönlicher Eindruck: 
------------------------------
Dieses All-in-One-Gerät ist für ein ambitioniertes Training im eigenen Home-Gym sehr gut geeignet. Auch wenn es einige kleinere Schwächen aufweist, überwiegen dennoch die Stärken. Auch das Preis-Leistungsverhältnis ist annähernd unschlagbar. Eine sehr stabile Konstruktion und eine Vielzahl von Trainingsmöglichkeiten bieten nur wenige...aber nicht zu diesem Preis. Hätte ich mehr Platz gehabt, hätte ich wahrscheinlich die 10.1 gekauft und den Butterfly gegen eine verstellbare Duplex-Einheit getauscht. 
Zu bemerken wäre noch, dass Personen über 1,85 m sich besser nach höheren Geräten (ab 230 cm Gesamthöhe) umschauen sollten. Ab dieser Körpergröße wird es im Training schon spannend und man läuft Gefahr sich vielleicht an der einen oder anderen Stelle den Kopf zu stoßen (sofern man nicht aufpasst). 
Sehr empfehlenswert ist es, sich das Gerät direkt vor Ort in Weiterstadt anzuschauen und eine Probe-Trainingsrunde zu vereinbaren. Die Beratung ist wirklich gut und professionell.";"5";"2019-08-17 11:08:55";"";"";"Anonym";"anonym@gsg.com";"8162338963672"
"Alles TOP!";"Super schnelle Lieferung, sehr gut verpackt, top Qualität des Crosstrainers mit genauer Montage-Anleitung. Ich konnte ihn alleine als Frau innerhalb 2 1/2 Std. aufbauen. Mein erstes Training absolviert und alles läuft super. HF-Brustgurt wurde erkannt und die App-Anbindung mit MyHomeFIT funkt. auch. iConsole+ nicht installiert aufgrund schlechter Bewertungen. Gerät und Shop sehr  zu empfehlen !!!";"5";"2019-09-01 15:01:46";"";"";"Anonym";"anonym@gsg.com";"8155033698520"
"Perfektes Gerät";"Der Aufbau alleine in aller Ruhe in ca. 2.5 Stunden, großenteils durch die sehr gute, Deutsche Aufbauanleitung und die wirklich vorbildlich übersichtlich verpackten Schrauben und Teile
Beeindruckende mechanische Qualität, der Crosstrainer macht einen einwandfreien Eindruck, kein Knarren, kein Knacken. Noch dazu ist es auch sehr gut gängig, so dass es zu so gut wie keiner Geräuschentwicklung kommt.";"5";"2019-12-17 10:04:07";"";"";"Anonym";"anonym@gsg.com";"8155033731288"
"Professional home gym machine!";"Excellent multifunctional machine for home gym. Well made, robust! It came to me for about a week and I tried it in all its variations. It has nothing to send to many gym machines. A must for the home gym!";"5";"2020-01-06 01:20:40";"";"";"Anonym";"anonym@gsg.com";"8155773665496"
"Sturdy, solid piece of kit, just what i was after.";"Sturdy, solid piece of equipment. I'm 12 stone, 5ft 11 and this fits me fine (also has adjustable settings so would suit shorter and taller than me). The footrest is what i was particularly looking for as a lot of other Hyper extension models seem to be missing this. 

Please note: If in the UK, buy this through this MAXXUS website not through Amazon.co.uk (they were charging £165 + £75 for delivery). 

I bought it off here and It cost me £121 in total (138€) which i paid via Paypal. Delivery took 3 working days (ordered Sat eve, delivered the following Weds morning!!!). Really impressed with the fast turn around time.";"5";"2020-02-05 14:46:13";"";"";"Anonym";"anonym@gsg.com";"8155773599960"
"Einfach nur genial!";"Da ich schon fast chronisch an Schmerzen und Blockaden im LWS Bereich leide und mir nichts so richtig geholfen hat (über einige Jahre jetzt schon), habe ich mir nach eigen
Recherche den Gravity Pro 2.0 im letzten Jahr zugelegt. Der Aufbau war selbst für mich zu bewältigen! :-) Nach den ersten zaghaften Versuchen...ist ja doch erstmal sehr ungewohnt über Kopf zu sein...habe ich mich am 3. Tag schon wirklich entspannen können. Ich mache dies jetzt regelmäßig zwischen 5 und 15 Minuten und nach ausgiebiger Testzeit (halbes Jahr ca.) kann ich nur sagen, das es sich hier um ein Spitzen Produkt handelt. Es nimmt mir gefühlt aus dem ganzen Rücken die Spannung und lindert ungemein meine LWS Probleme. Mittlerweile kann ich dadurch wieder mehr Sport machen und das führt dazu, das ich nicht mehr so viele Schmerzmittel brauche. Ich möchte dieses Gerät nicht mehr missen. Sehr stabile Ausführung und dabei auch noch ein angenehmer Komfort was die Liegefläche angeht!! Ich kann dies soweit uneingeschränkt empfehlen...außer bei Menschen mit Bluthochdruck wäre ich glaube ich vorsichtig, da man die Blutzirkulation, grad im Kopfbereich, doch ziemlich merkt!  DANKE für diese tägliche Linderung!!!";"5";"2020-02-07 19:31:43";"";"";"Anonym";"anonym@gsg.com";"8155773534424"
"Realistisches Rudergefühl mit Fun Faktor";"Das Gerät wurde zügig und super verpackt mit Spedition geliefert. Der Aufbau war leicht verständlich erklärt und hat nur 15 Minuten gebraucht. Sehr solides und vor allem stabiles Rudergerät. Der Lauf ist perfekt ruhig und vermittelt ein hochwertiges Gefühl. Mir was das realistische Rudern mit Wasser wichtig, mit Luft oder Magnetbremse fühlt es sich total anders an. Die Wiederstände mit den 6 Füllstufen sind für mich perfekt, da ich Ausdauer trainieren möchte, fühlt es sich an wie im Boot zu sitzen. Da ich nicht zig Geräte wollte, bin ich mit diesem Gerät vollstens zufrieden. Oberkörper und Beine werden gut beansprucht, Spass macht es dazu auch noch. Würde ich auf jeden Fall wieder kaufen. Habe auch teurere Modelle getestet, Preis/ Leistung ist hier super, warum mehr ausgeben. :)";"5";"2020-02-29 01:09:59";"";"";"Anonym";"anonym@gsg.com";"8155689222360"
"Rudern, jederzeit ohne Gewässer, aber mit Wassergeräusch";"Die Lieferung druch eine Spedition erfolgte innerhalb von drei/vier Tagen und damit sehr schnell. Die Verpackung ist sehr gut, so dass eine Beschädigung nahezu ausgeschlossen ist.
Der Aufbau nach Anleitung funktionierte sehr gut und wurde von mir in ca. einer halben Stunde - mit eigenem Werkzeug - erledigt. Die Verarbeitung macht einen sehr stabilen und wertigen Eindruck. Einziger Kritikpunkt: Für die Verbindung der Kabel zwischen Cockpit und Gestell wurde eine zweite Person benötigt, weil die Kabel sehr kurz und die Kabelverbindungen sehr zierlich sind. Empfehlung, etwas längere Kabel verwenden.
Die Bedienungsanleitung ist im Großen und Ganzen gut verständlich, lediglich die Einstellung der Fußstützen ist nicht gut erklärt. Statt der Zahlen 1 bis 6 auf den Fußstützen wären dort besser die Schuhgrößen (englische und/oder deutsche) verzeichnet, das wäre selbsterklärend.
Das Cockpit ist leider nicht beleuchtet, so dass eine bestimmte Umgebungshelligkeit benötigt wird, um die Angaben lesen zu können. Verbesserungsvorschlag: Hinterleuchtetes Cockpit und am besten durch die selbsterzeugte Energie, Batterien nur als Puffer für die Daten, das wäre gut und nachhaltig.
Das Gerät ist zwar sehr ausladend - ca. 2 m lang -, lässt sich aber hochkant stellen und ist dann sehr platzsparend.
Was mir bisher noch aufgefallen ist: Die obere Umlenkrolle war recht laut. Etwas Sprühfett hat dieses Geräusch deutlich gemindert. Dies sollte aber bei einem neuen Gerät nicht vorkommen.
Ich finde das Plätschern im Wassertank sehr beruhigend und man hört, wie man schafft, was mir gegenüber anderen Rudergeräten mit magnetischer Widerstandssteuerung besser gefällt.
Insgesamt finde ich das Preis-/Leistungsverhältnis sehr gut und hoffe, dass der bisher positive Eindruck lange anhält.";"4";"2020-03-30 00:18:00";"";"";"Anonym";"anonym@gsg.com";"8155689222360"
"Lubrificazione";"Ciao, come faccio a sollevare il tappeto per lubrificare? Il tappeto è molto teso e non riesco a sollevare!";"5";"2020-04-10 13:32:10";"";"";"Anonym";"anonym@gsg.com";"8155610644696"
"Super Grill";"Nach langen überlegen und suchen habe ich mich für diesen Grill entschieden.
Nach einer schnellen Lieferung, habe ich mit einer weiter Person den Grill in ca. 1,5 std zusammengebaut.
Die Materialien sind hochwertig, und die grillergebnisse sprechen für sich.
Bin begeistert";"5";"2020-04-26 15:21:17";"";"";"Anonym";"anonym@gsg.com";"8188330967256"
"BBQ Chief 9.0, den muß man(frau) haben";"Schnelle Lieferung mit Spedition nach nur 2 Tagen, trotz COVID-19 Pandemie. Karton war stabil und optimal gepackt. Das Beste war die Schrauben und Zubehörbox mit klarer Nummerierung und passend zur klar verständlichen Aufbau Anleitung. Man kann den Grill mit Geschick auch alleine aufbauen, nur beim Einsetzen des Gasbrennraumes sollte man(Frau) zu Zweitsein. Grill ist optisch ansprechend, die beleuchteten Drehschalter sehr stylisch. Nach dem Anschluss der Propan-Gasflasche ging es an's Einbrennen, um Rückstände von der Produktion zu verbrennen. In kurzer Zeit erreichte der Grill eine Temperatur von 600°C im Grillraum. Das Gerät ist sehr empfehlenswert !";"5";"2020-05-19 13:02:34";"";"";"Anonym";"anonym@gsg.com";"8155757445336"
"Sehr gut!";"Habe den Crosstrainer ebenfalls als Frau alleine aufgebaut. 
Das Gerät macht einen ausserordentlich stabilen Eindruck und läuft ohne grosse Geräuschentwicklung, einziges Manko sind in meinen Augen die (wenigen) Plastikteile die einen Umzug voraussichtlich nicht überstehen würden.
Versand und Verpackung top, hervorzuheben ist auch der sehr freundliche und hilfsbereite telefonische Kundenservise.";"5";"2020-06-09 09:59:31";"";"";"Anonym";"anonym@gsg.com";"8155033698520"
"Genau das was ich benötigte";"Ich war schon lange auf der Suche nach einem Crosstrainer der auch für schwere Menschen geeignet ist. Das war da zum Teil angeboten wird ist überteuert, daher war das Suchergebnis das diesen Maxxus Crosstrainer enthielt umso erfreulicher für mich. Der Preis ist angemessen und nicht überhöht wenn man bedenkt, dass hier Material eingeflossen ist, um diesen Crosstrainer stabil genug zu machen.

Anlieferung:
Zwei sehr schwere und große Kisten. da ist es hinderlich, dass durch Speditionen nur bis zur Bordsteinkante liefern. Der Fahrer war zwar so nett mit mir die Kiste eine kleine Treppe hochzuwuchten, das war es dann aber. Ich würde Maxxus Empfehlen ein Lieferpaket bis zur Wohnungstür anzubieten. Oder man braucht einen zweiten Mann (mindestens)!

Aufbau:
Die mitgelieferte Aufbauanleitung und auch wie die Schrauben und Hilfsmittel geliefert werden ist vorbildlich. Bei der Anleitung muss man an einer Stelle zwar genauer herausfinden was gemeint ist, aber das schiebe ich mal auf mich. Ich habe den Aufbau zwar alleine hinbekommen, aber eine zweite Person ist echt hilfreich (wird auch so empfohlen in der Anleitung).

Nutzung:
Nutze den Crosstrainer jetzt 3 Wochen. Wahnsinnig stabil, Nicht laut, aber Geräusche sind natürlich zu hören. Ich hatte auch mal ein beginnendes Quitschen zu verzeichnen, aber da man den Crosstrainer ja selbst zusammengebaut hat, war es relativ einfach das Problem zu beheben (Abdeckung am rechten Gelenk war nicht passgenau von mir eingesetzt worden. 

Mal abgesehen, dass ich schon erste Erfolge hinsichtlich meiner Fitness vorzuweisen habe, war das die genau richtige Investition für mich. Man braucht dafür etwas Platz, sowohl in der Breite als auch in der Länge. Eine Matte, wie sie als Extra angeboten wird, ist unbedingt zu empfehlen. 

Bin sehr zufrieden!";"5";"2020-07-25 12:37:02";"";"";"Anonym";"anonym@gsg.com";"8155033764056"
"Toller Grill toller Kundenservice";"Habe den Grill Aufgrbaut eigendlich ohne Probleme aufbauen können.
Wie heist es so schön Probleme macht man sich selbst.
Auch wenn ich die Haltung verloren habe der Kundenservice war stets freundlich und Hilfsbereit.
Der Aufbau hat 1 h gedauer und habe nur beim Aufsetzen der Brennereinheit etwas Hilfe von meiner Frau benötigt da das Ding doch nicht so handlich ist.
Verarbeitung und Quallität ist einwandfrei.
Super viel Zubehör da bleiben keine Wünsche offen.
Die Hitzeverteilung ist gleichmäßig.
Der Grill ist Superschnell auf Temperatur.
Ein Super Grill der durchaus mit dem großen ""w"" mithalten kann.";"5";"2020-08-14 18:16:32";"";"";"Anonym";"anonym@gsg.com";"8188330967256"
"Leider enttäuscht";"Vor der Kaufentscheidung hatte ich große Angst einen Fehlkauf zu machen. Leider ist mir nun genau das passiert. 
Die Lieferung ging sehr schnell - nur 3 Tage. Dafür gibt es einen dicken Pluspunkt. Es wurde per Spedition angeliefert, die das Gerät leider nur bis zur ersten verschließbaren Tür transportieren. Den Transport durchs Treppenhaus muss man dann alleine bewerkstelligen.
Nun kommen die Negativpunkte:
Das Gerät ist viel lauter als erwartet. Es macht permanent Schleifgeräusche. Vor allem die rechte Seite schleift sehr (trotz Aufbau nach Anleitung und Einsatz von Silikonspray). Bei empfindlichen Nachbarn könnte das zum Problem werden.
Außerdem fehlt mir ein An-/Ausschalter am Gerät. Um das Gerät ein- oder auszuschalten muss man jedes mal umständlich den Stecker aus der Steckdose ziehen. Bei fast täglichem Gebrauch des Gerätes ist das ziemlich nervig. Eine Steckdosenleiste mit Schalter darf gemäß Anleitung nicht verwendet werden.
Ein weiterer mangelhafter Punkt sind die manuellen Trainingsprogramme. Man stellt ein Trainingsziel ein und das Training wird automatisch beendet, wenn das Ziel erreicht wurde. In der Theorie ist die Idee gut. Nur leider weist einen das Gerät nicht darauf hin, wenn man sein Trainingsziel erreicht hat. Das gewählte Training startet einfach von Vorne. Sehr unpraktisch, wenn man etwas auf dem Tablet schaut oder nicht die ganze Zeit das Display verfolgt. 
Im Nachhinein wünschte ich mir, ich hätte mich für ein günstigeres und platzsparenderes Gerät entschieden. Die Geräte haben ja alle so ihre Vor- und Nachteile. Aber bei diesem stolzen Preis hätte ich erwartet, dass es weniger zu beanstanden gibt.";"3";"2020-08-16 11:30:25";"";"";"Anonym";"anonym@gsg.com";"8150186393816"
"Rudergerät mit regelbaren Wasserwiderstand";"Ich habe mit das Rudergerät nach einer persönlichen und wie ich finde sehr guten Beratung in Mannheim gekauft. 
Geliefert wurde es zum abgesprochenen Zeitpunkt durch eine Spedition.
Das Gerät war sehr gut verpackt und hatte somit auch keine Kratzer oder Macken.
Den Aufbau konnte ich alleine bewältigen und dauerte auch nur wenige Minuten wenn man das Auspacken nicht mir rechnet.
Unterstützung beim Aufbau lieferte die sehr gute Anleitung.
Ein bissel ungeschickt ist vielleicht das Kabel womit man das Cockpit mit dem Gehäuse verbindet. Das empfinde ich für ein wenig kurz, was das zusammenstecken der Stecker zur Geduldsprobe gemacht hat. Schlussendlich hat es natürlich funktioniert und vielleicht bin ich auch nur ein wenig ungeschickt in solchen Sachen.
Ich empfinde das Material und das Gerät an sich als sehr hochwertig, wobei mir das schon im Showroom in Mannheim positiv aufgefallen war.
Ich habe den Wasserwiderstand erst einmal auf L2 ( L1-L6 möglich ) gefüllt und nutze das Gerät nun als Ausgleich zum fast täglichen Radfahren.
Bisher kann ich nur sagen, dass ich alles richtig gemacht habe und mir das Rudern mit dem Maxxus Oxford Spaß macht. 
Das Wassergeräusch beruhig mich sogar ein wenig und lässt die Übung leichter erscheinen. ( Was der Kopf nicht alles so anstellt ;-) )
Der Sitz gleitet quasi lautlos und leicht über die Lauffläche. Das Cockpit zeigt das an was es muss, hat aber keine Beleuchtung. Ob es das braucht oder nicht, ist sicher eine Geschmackssache, mir persönlich reicht es so.
Klasse finde ich, dass man das Gerät bei Bedarf einfach aufrecht an die Wand schieben könnte und das ohne das man das Wasser ablassen müsste.

Fazit: Ein hochwertig und gelungenes Rudergerät zu einem sehr gutem Preis-/Leistungsverhältnis, was ich jeden empfehlen würde, der über einen Kauf nachdenkt.";"5";"2020-09-24 15:27:39";"";"";"Anonym";"anonym@gsg.com";"8155689222360"
"Preisleistung ist OK";"Das Laufband ist sehr leicht im Aufbau und die Anleitung ist ebenfalls sehr verständlich. Wegen dem Gewicht (über 100 kg) ist es jedoch sehr schwer zum transportieren auspacken bzw. aufzustellen. Da braucht man auf jeden Fall starke Helfer. Das Gewicht wirkt sich jedoch sehr positiv auf die Stabilität des Gerätes. Steht fest am Boden ohne zu vibrieren oder verrutschen. 

Die Leistung ist mehr als ausreichend. Bei meinen 80 kg macht das Gerät keine Probleme egal ob langsam oder schnell. Die Höchstgeschwindigkeit von 20km/h liegt jenseits von dem was ich regulär laufe und ich denke auch für ambitionierte Dauerläufer wird es ausreichend sein. Für Sprinter aber wahrscheinlich zu wenig.

Die Bedienung lässt einiges zu wünschen übrig. Die fest installierten Tasten mit Grundfunktionen, funktionieren zwar sehr gut aber der Touch-Panel macht mir enorme Probleme und Sorgen.  Der Panel wurde mit einer ur-alten Technik (Resistiver Touchscreen) verbaut. Der reagiert auf druck und ist sehr ungenau. Selbst im stehen fällt es mir sehr schwer das Gerät zu bedienen geschweige beim laufen. Da hätte ich mir einen Aufpreis von paar Euro gewünscht der aber einen modernen Panel der modernen Art anbietet.

Weiterer negativer Punkt ist die Anbindung eines alternativen Pulssensors. Unterstützt werden nur uncodierte Geräte (Empfehlung Maxxus - Polar T34) die schon seit Jahren durch Polar nicht mehr hergestellt oder supportet werden. Weitere Modele die man mit dem RunMaxx 7.4 verbinden kann, werden nicht aufgelistet und somit ist es sehr schwer einen alternativen Pulsmesser in Betrieb zu nehmen. Es wäre zu mindestens schön zu wissen welche alternative Pulsmesser man integrieren kann. Noch besser wäre eine Bluetooth Schnittstelle um gängige Pulsmesser anbinden zu können.

RunMaxx 7.4 bietet zusätzlich einige Apps wie Netflix etc. Die habe aber nicht getestet da ich einen zusätzlichen Fernseher habe auf dem ich alle notwendigen Apps laufen. Daher kann ich diesen Punkt nicht beurteilen";"4";"2020-10-06 12:15:01";"";"";"Anonym";"anonym@gsg.com";"8155610775768"
"Klasse Gerät";"Habe es Heute bekommen 
30min braucht man zum aufstellen
sehr gute verarbeitung
Macht richtig spass darauf zu Tranieren
Kaufenpfehlung Klasse Gerät";"5";"2020-11-02 14:05:18";"";"";"Anonym";"anonym@gsg.com";"8144485941464"
"Sehr stabill";"Das Gerät hat mich positiv überrascht und das gleich mehrfach.
Alle Teile waren sehr gut verpackt und es gab keinerlei Lackschäden oder ähnliches. Der Lack macht sowieso einen hochwertigen Eindruck.
Die Einzelteile sind passgenau, lediglich bei einem Teil müsste ich ein wenig nachhelfen um die Schraube hineinzubekommen. Sehr Positiv  finde ich, dass die Schrauben bereits am jeweiligen Bauteil eingesteckt sind und das Gerät teilweise vormontiert war. Der Aufbau ist mit dem mitgelieferten Werkzeug, alleine in unter 1h machbar.
Nach dem Zusammenbau macht das Gerät einen sehr stabilen Eindruck. Mit meinen fast 100kg und weiteren 100kg an Scheiben hat nichts gewackelt oder einen instabilen Eindruck gemacht. Fast schon Studio Qualität.
Lediglich die Feststeller der beweglichen Polster sind bauartbedingt mit etwas viel Spiel. Die Feststeller der Höhenverstellung sind dafür wie der Rest sehr stabil.
Die Einstellmöglichkeiten sind umfangreich und ich konnte das Gerät sehr gut auf mich abstimmen.
Wenn ich mir noch etwas wünschen könnte, dann wären das Transportrollen.";"5";"2020-11-27 22:38:44";"";"";"Anonym";"anonym@gsg.com";"8155773665496"
"Super Laufband mit Entertainment";"Von der Bestellung bis zur Lieferung hat alles super geklappt, ich wurde angerufen und konnte mit der Spedition einen Anliefertermin vereinbaren. Das Laufband war perfekt verpackt und wurde ohne Beschädigung angeliefert. Mein Mann war hellauf begeistert, als er das Laufband aufgebaut hat, sogar die Schrauben waren in einer Box verpackt... es hat prima geklappt - Maxxus eben. Wir haben ein Maxxus Crosstrainer, ein Maxxus Ergometer und jetzt ein Maxxus Laufband - alle Geräte einfach professionell.
Jetzt zum Laufband RunMaxx 7.4 - die Lauffläche ist komfortabel und bietet genügend Platz zum laufen, meine Tochter und ich sind begeistert von dem Entertainment Paket - von Netflix, Youtube  bis hin zu Spotify und Amazon Prime, Twitter und facebook... alles dabei. Auch die Wahl der Programme komfortabel und vielfältig. Wir können das Laufband nur weiter empfehlen und sind froh, uns für den Kauf entschieden zu haben - professionelles Laufband wie im Fitnessstudio.";"5";"2020-11-28 09:35:46";"";"";"Anonym";"anonym@gsg.com";"8155610775768"
"Begeistert";"Ich habe wirklich sehr, sehr lange nach einem Laufband gesucht. Unendlich viele Testberichte später habe ich mich für dieses Modell entschieden. Ich habe den Kauf bisher nicht bereut. Sehr gut verarbeitet. Top Laufgefühl, schöne Dämpfung. Zur Orientierung: ich bin bisher regelmäßig zwischen 10 bis 15 Kilometer am Stück auf dem Band gelaufen, bei durchschnittlich 10 km/h. Display ist chic,  lässt sich einfach und intuitiv bedienen. Laufband selbst puristisch schön. :) Aufbau war gut nachvollziehbar. Vielen Dank für die flotte Lieferung!";"5";"2020-12-01 13:42:24";"";"";"Anonym";"anonym@gsg.com";"8155610775768"
"Geht besser";"Vorn weg, ich habe versucht Objektiv zu bleiben...

Gerät hat durch die Recht niedrige Ellipse von 14 cm keine große Schritthöhe dadurch wirkt es ""schiebend"" wenn man läuft, was bei den Geräten im Fitness Studio zb nicht der Fall ist, hier ist die elipse höher.
Die Laufschienen und Rollen machen sich regelmäßig durch quitchen bemerkbar, hierzu kann man ein Silikon Spray kaufen dann hört es auf. Hatte es gegen Ende allerdings jede 45 Minuten wo ich sprühen musste.
Gerät ist mit für Anfänger und fortgeschrittene geeignet, steht stabil. Die Klappfunktion ist natürlich Klasse und spart Platz.

Das negative, ich hatte innerhalb von 17 Monaten dreimal den Bautenzug gerissen. Dadurch war das Gerät nicht zu benutzen.
Die Reparaturen erfolgten nicht über maxxus direkt, was es manchmal etwas schwierig machte einen Termin zu vereinbaren.
Belege hat man leider über Wartung und Reparaturen nicht erhalten.

Nach dem letzten Schaden hat maxxus anstandslos das Gerät Rückabgewickelt. Der Kontakt war stets freundlich.

Daher habe ich mich zu einem anderen Gerät entschieden und hoffe auf ein wenig mehr Glück.";"3";"2020-12-03 14:26:36";"";"";"Anonym";"anonym@gsg.com";"8155033698520"
"hält was es verspricht";"Ein klasse Gerät, der Aufbau ist sehr einfach da die Teile größtenteils schon vormontiert sind und die Teile die noch zusammenzusetzen sind sind schon mit den dazugehörigen Schrauben versehen. Ich als Laie habe etwa 1 Stunde alleine gebraucht. Es macht ein sehr soliden Eindruck und die ersten Sportlichen versuche waren schon sehr vielversprechend, also ich kann es nur weiter empfehlen!!!!!! ????";"5";"2021-01-04 22:39:41";"";"";"Anonym";"anonym@gsg.com";"8155773665496"
"Gutes Laufband";"Ich habe das Laufband als Laufanfänger ausgewählt, weil ich ein solides Laufband suchte, welches mich eine Weile begleiten kann.
Technisch bietet das Laufband, was es eben laut Beschreibung verspricht.
Die Lauffläche ist ausreichend groß, so dass auch große Läufer wie mein Partner noch ausreichend Platz haben.
Die Dämpfung scheint gut, es ist auch unter Last nicht allzu laut.

Das Ölen des Bandes ist etwas beschwerlich, aber mit etwas Übung klappt auch das dann.

Der Monitor zeigt alles an, was er soll.
Viel Schnickschnack findet man hier nicht.
Eine App oder die Möglichkeit dazu findet man nicht, wer das braucht, sollte sich bei den anderen Modellen umschauen.
Programme zum Laufen sind ausreichend vorhanden und wer selbst eines kreieren möchte, hat ja auch 3 Plätze hierfür frei.

Die Handpulssensoren sind recht ungenau und stimmen nicht mit meiner Uhr überein.
Da man aber einen Brustgurt koppeln kann, ist das nicht so dramatisch.

Insgesamt bin ich von der Qualität des Laufbandes sehr angetan. Es wirkt wertig  und gut verarbeitet, der Aufbau ist kinderleicht.
Das Laufgefühl ist gut und der Monitor mit seinen Einstellungsmöglichkeiten völlig ausreichend.

Kann das Laufband auf jeden Fall weiter empfehlen.";"5";"2021-01-11 14:30:58";"";"";"Anonym";"anonym@gsg.com";"8155610677464"
"Sehr gute Qualität";"Man merkt bereits beim Aufbau, wie gut die Qualität ist. Absolut leise und ruhiger Lauf.";"5";"2021-01-16 21:56:00";"";"";"Anonym";"anonym@gsg.com";"8155033600216"
"Gut für Ausgleichsport";"Habe das Gerät im Dezember 2020 geliefert bekommen und konnte es mit der verständlichen Beschreibung problemlos aufbauen. Seitdem regelmäßiges Training mit einem guten Gefühl. Durch die verschiedenen Stufen ist das Gerät auch für mehrere Personen geeignet und einsetzbar. Die Ventilation durch den Luftwiderstand ist bei angewärmeter Raumtemperatur angenehm. Insgesamt guter und angenehmer Ausgleichsport im Winter und gleichzeitiger Schließung der Fitnessstudios.";"5";"2021-01-18 14:31:20";"";"";"Anonym";"anonym@gsg.com";"8155689189592"
"Crosstrainer CX4.3f";"Nachdem es am Anfang etwas holprig bei der Bestellabwicklung ging, was aber nach meiner Nachfrage zum Bestellstatus unverzüglich positiv beantortet wurde, kam das Gerät am 25.01.2021 per Spedition nach einer Bestellzeit von 12 Tagen bei uns an. Zwei Pakete, ordentlich verpackt mussten nur noch in den oberen Teil der Wohnung befördert werden, war schon Schweisstreibend, mein Alter ist jugendliche 69 Jahre, aber es hat gut geklappt.
Der Aufbau ging dank gut bebildeter und sauber geschriebenen Erklärung und vollständigem Schrauben und Muttern Zubehör zügig von statten.
Der erste Test war sehr positiv, lediglich den Pedalabstand werde ich mittels Flachmaterial um 50mm veringern um eine natürlichere Gangart zu realisieren.
Das einrichten des Benutzerprofils ist nahezu selbsterklärend und geht schnell zu erledigen.
Erster Eindruck mit anschliessendem Test und der doch letztendlich positive Kontakt zum Kundnservice veranlasst mich dem Gerät und der Firma MAXXUS 5 Strene zu vergeben.";"5";"2021-01-26 10:32:35";"";"";"Anonym";"anonym@gsg.com";"8155033698520"
"Professionaller Preisbrecher";"Nach umfangreicher Recherche im Internet war klar: Rückentrainer im Bereich bis 200 Euro sind kleine, wackelige, instabile Notlösungen. Extras wie nutzbare Griffe (für Dips) etc gibt's auch nicht. Nach mehrfacher Benutzung reissen Schweissnähte, Rohre verbiegen sich. Professionelle Rückentrainer kosten 600 Euro aufwärts. Dann stiess ich auf den Hyperextension PRO. Klar, 299 Euro ist das doppelte dessen was die Billig-Möhren kosten, aber schon das Gewicht von 40 kg macht klar: Hier ist alles stabil, nix wackelt, nix verbiegt sich, nix reisst ab. Die Haltegriffe haben den richtigen Winkel um auch für Dips geeignet zu sein, und Liegestütz-Griffe gibt's noch extra dazu. Die besonders gelungenen Wadenpolster und Fussplatte, ohne die sonst übliche sperrige Schiene zwischen den Füßen, ermöglicht - zusammen mit den besonders sinnvoll angeordneten Hüftpolstern ohne große Lücke - auch seitliches Training. Dazu kommt eine perfekte Aufbauanleitung in Deutsch, schon vorab ansehbar.

Da half nur eins: bestellen. Und ich wurde nicht enttäuscht. Der Maxxus Hyperextension PRO ist schicht der Hammer. Selbst der Zusammenbau war genial, denn zusätzlich zur klaren Anleitung waren die Schrauben in allen Teilen schon vormontiert - das Suchen und Abmessen derselben in vollen Zubehörtüten entfällt.

Kurz: dieser Rückentrainer ist gut genug für jedes Fitnessstudio, kostet aber nur einen Bruchteil der üblichen Profi-Geräte. Er ist so sinnvoll wie nützlich konstruiert, und besitzt damit ein unschlagbares Preis/Leistungsverhältnis. Danke, Maxxus!";"5";"2021-03-03 15:34:01";"";"";"Anonym";"anonym@gsg.com";"8155773632728"
"Excellent";"excellent hyper extection bench, sturdy and stable, at this price a real bargain, very serious and helpful company, I recommend !!";"5";"2021-04-26 11:55:24";"";"";"Anonym";"anonym@gsg.com";"8155773599960"
"studioadäquates Trainieren";"Ich trainiere seit 30 Jahren Bodybuilding und habe mir im Herbst 2020 diese Kraftstation nach Hause bestellt. Dieses Gerät hat meine Erwartungen übertroffen. Man kann tatsächlich studioadäquat trainieren und die Qualität ist hervorragend. Das Gerät steht wie zementiert, die Züge laufen leicht und die Breite ist perfekt für größere Menschen geeignet: Ich kann trotz meiner Größe mit den Doppelkabelzügen bei ausgebreiteten Armen trainieren, ohne dass sich die Kabel bei z.B. bei Flys um meinen Körper herumwickeln und ich kann bei der Multipresse breit genug greifen. Besonders zu erwähnen ist der hervorragende Kundenservice, den ich vor der Bestellung mehrmals bemüht habe und der stets freundlich und hilfsbereit reagierte.";"5";"2021-04-28 23:34:53";"";"";"Anonym";"anonym@gsg.com";"8155773698264"
"Fazit nach etwas über einem Jahr";"Dachte eigentlich das man für das Geld was ordentliches bekommt. Bezogen auf die verarbeiteten Materialien.  Muss sagen dem ist nicht so! Flammenbleche und Brenner völlig verrostet. Schrauben korrodieren. Ich sage gleich dazu das ich den Grill regelmäßig gesäubert habe. Abdeckung war/ ist auch vorhanden. Schade habe mehr erwartet !!!";"2";"2021-05-11 16:35:20";"";"";"Anonym";"anonym@gsg.com";"8155757445336"
"AirWOW";"Ich kann mich Siegfried L. nur anschließen: einfacher Aufbau, sehr solide Verarbeitung, gerade für die Großen, Schwereren und Ambitionierten unter uns stabil genug  - wahrhaft Studioqualität mit WOW-Effekt, kurz: eine Anschaffung, die das lange Warten gelohnt, wirklich Freude macht und den ganzen Körper fordert! Den klasse Service der Sales-Mitarbeiter*innen nicht zu vergessen.";"5";"2021-05-19 19:06:31";"";"";"Anonym";"anonym@gsg.com";"8144485941464"
"Poor support and service";"I bought the treadmill on June 2020 and first 3 months were really great. 
Then the device start to make squeaking noises which the service suggested to fix with some lubrication method.
It worked for another month but then the treadmill started to make different noise. 
After few weeks they sent a technician which didn't fix the problem at all because it didn't know how.
I reported the fact that the problem was not fixed by sending a video three times but still since 2.5 months they are not  sending someone to fix the treadmill still.

I strongly suggest against buying the treadmill because it is simply expensive for the service they offer , considering also the fact that the machine starting to make noises after only 3 months.";"2";"2021-06-15 23:12:30";"";"";"Anonym";"anonym@gsg.com";"8155610775768"
"Top Rudergerät!";"Nachdem ich aufgrund von Verfügbarkeitsproblemen seitens Maxxus ein anderes Wasserrudergerät bestellte und damit dezent auf die Nase gefallen bin, war ich um so glücklicher, dass Maxxus wieder liefern konnte. Allerdings waren nach dem bereits erlebten Reinfall meine Erwartungen sehr hoch. 
Alles in einem kann ich hier nur ausdrücklich sagen, dass meine Erwartungen zu 100% erfüllt wurden. Es begonn mit einer absolut zuverlässigen und transparenten Kaufabwicklung. Das Gerät wurde an einem Dienstag Mittag bestellt und Freitag Vormittag war bereits die Spedition vor Ort, welche mir 60 Min. vor Zustellung noch eine SMS zukommen ließ. 
Beim Auspacken des Kartons war alles sehr gut verpackt und machte einen vernünftigen Eindruck. Der Aufbau des Geräts war alleine in einer guten halben Stunde locker zu bewerkstelligen. Dies lag unter anderem an einer ordentlich strukturierten Aufbauanleitung, einem bereits vorsortiertem Schraubenset und vernünftig gefertigten Teilen, welche genau zueinander passten. 
Das einzig Knifflige war das Anschließen der Kabel für den Boardcomputer. Mit etwas Geduld und Fingerspitzengefühl ist aber auch das kein Problem. (dünne Finger sollten hierbei keine Schwierigkeiten haben). Dafür funktioniert der Computer jedoch Einwandfrei, lässt sich leicht bedienen und macht mit der 1vs1 Rennsimulation umso mehr Spaß beim Rudern. 
Wer Bedenken bei der Geräuschkulisse des Geräts hat, kann beruhigt sein. Mit, oder ohne vorfetten der Laufschienen, rollt der sitzt quasi lautlos über die Schienen. Die Umlenkrollen machen sich ebenfalls nicht bemerkbar und laufen absolut rund. Das Einzige was etwas ""lauter"" ist, ist der Initialschwung des Wassers beim Start des Trainings. Sobald konstant gerudert wird, geht das Wassergeräusch in einen harmonischen Klang über, welcher alles andere als stört. (ein etwas ""lauter""gestellter Fernseher / Musik würde das Geräusch überdecken, wenn man es möchte.)

Des Weiteren machte sich Maxxus sehr sympatisch mit der Option des Kaufs auf Rechnung und einem 30-tätigen Widerrufsrecht mit Übernahme der Versandkosten. Auch das ist keine Selbstverständlichkeit. 

Fazit: Bis jetzt ist das Gerät die absolut richtige Kaufentscheidung gewesen und eine definitive Weiterempfehlung wert. Da das Gerät bei mir noch sehr neu ist, kann ich keine Auskunft über Verschleiß etc. geben. Aber auch hier denke ich, dass Maxxus mit dem Garantieanspruch einen sehr kompetenten Umgang pflegt.";"5";"2021-07-21 12:17:08";"";"";"Anonym";"anonym@gsg.com";"8155689222360"
"Klasse Rudergerät, toller Kundenservice - alle Erwartungen erfüllt";"Das Rudergerät wurde innerhalb weniger Tage sehr gut verpackt geliefert. Der Aufbau war zu zweit in einer halben Stunde erledigt. Alle Teile sind hochwertig verarbeitet, das Gerät robust und stabil. Da wackelt und quietscht nichts! Ich benutze beim Training gern mein iPad und hatte zunächst Sorge, dass es während des Trainings herumwackeln würde. Das ist jedoch überhaupt nicht der Fall. Auch das Befüllen des Tanks und das Ablassen von Wasser ist mit dem beiliegenden Zubehör (Trichter und Pumpe) total unkompliziert. Das mitgelieferte Display hatte eine Fehlfunktion, aber der Kundenservice hat sich superschnell darum gekümmert und mir ein neues Display zugeschickt.
Das Training an sich ist für mich eine gute Ergänzung zum Laufband. Es kräftigt den Oberkörper und die häufig vernachlässigte Rückenmuskulatur. Ich hatte zuvor ein deutlich teureres Gerät gleichen Aufbaus ausprobiert und kann rein von der Mechanik her nun wirklich keinen nennenswerten Unterschied ausmachen. Klar, die Anzeige und die Funktionalität des Cockpits ist natürlich nicht so ausgefeilt wie bei einem Gerät über 1000 Euro, aber wer wie ich nicht so der Digital-Freak ist ist und einfach nur trainieren möchte, ist mit diesem hier wirklich gut bedient.
Sowohl für das Gerät als auch für Maxxus gibt es von mir ganz klar einen Daumen nach oben!";"5";"2021-09-07 17:58:33";"";"";"Anonym";"anonym@gsg.com";"8155689222360"
"Maxxus Multipresse 10.1";"Die beste Entscheidung die ich je in Sachen Kraftsport getroffen habe. Ich habe mir die Multipresse wegen der Corona Auszeit im Fitnessstudio zugelegt und muss sagen ich bin bis heute begeistert.  Die Multipresse hält wirklich was sie verspricht und lässt bestückt mit den richtigen Bumperplattes und Gewichten keine Wünsche offen. Da ich nun ein komplettes Fitnessstudio im Keller habe, wurde auch der Vertrag im Fitnessstudio gekündigt, jetzt kann ich zu jeder Zeit ungestört mein Training zuhause absolvieren. Da der Latzug für mich außen etwas ungünstig angebracht war, habe ich mir diesen in die Mitte der Multipresse montiert was dank Amazon eimem zusätzlichen Seilzug und ein paar Umlenkrollen kein Problem war. 
FAZIT:
Absolut Hammergeil das Ding sehr stabil und ich würde es jederzeit ohne Bedenken wieder kaufen. Zum Preis kann man nur sagen, es ist jeden Cent wert....wer was gutes will muss eben etwas tiefer in die Tasche greifen. 
Danke auch an das Maxxus Team für die tolle Beratung die in meinem Fall per Telefon abgewickelt wurde. Die Kaufabwicklung bis hin zur Lieferung ist problemlos gelaufen und auch der Aufbau stellte keine Probleme dar, wenn man sich an die Vorgaben hält.
Also allen die sich für dieses Tolle Gerät entscheiden wünsche ich viel Spaß damit.
Gruß Markus";"5";"2021-09-26 06:48:12";"";"";"Anonym";"anonym@gsg.com";"8162339061976"
"Bestellabwicklung, Lieferung und Crosstrainer sind top!";"Aufbau und Bedienanleitung sind leicht verständlich und die Montage sowie Inbetriebnahme sind leicht zu erledigen.
Der Bewegungsablauf während des Trainings ist harmonisch und natürlich. Ein prima Gerät und eine Verbesserung gegenüber unserem alten, rein mechanischen.";"5";"2021-11-12 18:11:07";"";"";"Anonym";"anonym@gsg.com";"8155033698520"
"Extremer Geruch";"Zu unserem neuen Crosstrainer haben wir direkt diese Bodenschutzmatte mit bestellt. Da die Matte ca. 1 Woche vor dem Gerät kam, hatte sie genug Zeit hängend in einem separaten Raum zum Entlüften. Leider stinkt die Matte immer noch so extrem nach nun mehr 10 Tagen, so dass wir eine ISO-Matte stattdessen unter dem Gerät verwenden müssen. Ein hoher Preis für eine nicht verwendbare Matte.";"1";"2022-01-07 19:23:40";"";"";"Anonym";"anonym@gsg.com";"8163397042392"
"Nach langer Recherche, die richtige Entscheidung";"Nach langer Recherche auf vielen Onlineseiten, habe ich die richtige Entscheigung gemacht, das AirRow von MAXXUS gekauft zu habe.

Das Gerät kam super Verpackt mit der Spedition an , 30 min. später der erste Ruderschlag !
Die Bedienungsanleitung und das hochwertige mitgelieferte Werkzeug , ermöglichen eine einfache und kurze Montage.
Wer sich ein robustes/solides , einfaches und nicht verspieltes Gerät zulegen möchte, dem kann ich das Gerät wärmstens empfehlen.";"5";"2022-01-14 11:02:22";"";"";"Anonym";"anonym@gsg.com";"8144485941464"
"Top Crosstrainer";"Von Bestellung bis Lieferung nur 3 Tage.Top.
Gerät kommt in zwei Paketen.Aufbau geht zu zweit recht flott.knapp ne Stunde und er stand.
Zum Gerät selber:
Es macht nicht nur einen hochwertigen Eindruck sondern er ist hochwertig.
Ja quietscht nix,da klappert nix,da wackelt nix.Er läuft super leise.
Bedienung kinderleicht und mit der App erweitert man die Möglichkeiten noch um einiges mehr.";"5";"2022-02-19 19:14:14";"";"";"Anonym";"anonym@gsg.com";"8155033731288"
"Okay";"Der Crosstrainer ist stabil, aber knackst beim trainieren etwas. Der Pulssensor hat ab dem dritten Training schon nicht mehr funktioniert. Der Crosstrainer macht Spaß, aber wird seinem Preis nicht gerecht.";"3";"2022-04-15 11:04:53";"";"";"Anonym";"anonym@gsg.com";"8155033600216"
"Super Teil!";"Lorem ipsum";"5";"2022-05-30 16:36:24";"";"";"Anonym";"anonym@gsg.com";"8150977151192"
"Ein echter Crosstrainer";"Wir habe nach langem Überlegen uns für diesen Trainer entschieden. Das Gerät macht einen sehr massiven und hochwertigen Eindruck. Der Aufbau ist sehr leicht, lediglich die Bauteile sind schwer. Aber es ist alles Verständlich erklärt. Sollte jeder hinbekommen. Die ersten Trainings sind bereits absolviert und wir sind total begeistert. Die Steuerung klassisch übers Display oder über entsprechende Apps ist alles möglich. Jeder wie es mag. Beide User sind über 100kg schwer und der Crosstrainer ist sehr leise während dem Training. Das Gerät wackelt nicht. Also, absolute Kaufempfehlung.";"5";"2022-11-21 10:56:57";"";"";"Anonym";"anonym@gsg.com";"8155033764056"
"Maxxus Multipresse 10.1";"Nach der Bestellung am 31.12.22 kam das Gerät am darauffolgenden Donnerstag mit der Spedition an. Tolle Termin treue und Lieferung!!
Die Presse habe ich mit mein Sohn in 5 Stunden aufgebaut und das Grinsen lässt kaum noch nach.
Kabelzug Möglichkeiten und das geführte Gewicht sind der Hammer.
Die Bank ist ausreichend Stabil und Winkel passen bei uns Top. Auch beim verstellen der Neigung muss nix verschoben werden.
Die Zugekauften Gorilla Gewichte mit Gummi Ummantelung flutschen nach dem ich kurz durch die Löcher geschliffen habe, bisschen Silikon spray und auch das aufstecken macht Spaß. Die paar mitbestellten Ego Beton Gewichte sind nur zum Übergang und nicht wirklich Top abgesehen vom Preis. 

Die Presse ist wirklich Top, würde ich sofort wieder Kaufen!!!

Andreas Z.";"5";"2023-01-07 15:43:10";"";"";"Anonym";"anonym@gsg.com";"8162339061976"
"Elegantes Design hochwertige Verarbeitung";"Der Sessel hat (das ist natürlich Geschmacksache) ein sehr elegantes Design. Vor allem die Verarbeitung des Kunstleders und des gesamten Sessels hat eine ausgezeichnete Qualität (auch kein Geruch). Besonders erfreulich für mich ist das geringe Gewicht und das der Sessel nicht zu groß ist. Er lässt sich sogar von einer Person herum tragen. 
Kleine Nachteile sind, dass das Bedienungselement fest im Sessel verankert ist und sich nicht wie eine Fernbedienung abnehmen und in die Hand nehmen lässt. Dadurch kann man während der Massage nicht gut Änderungen vornehmen. Die Rückenlehne lässt sich nicht bewegen, d.h. man kann sie nicht nach hinten neigen, um mehr in eine Liegeposition zu kommen. Außerdem ist der Sessel sehr schmal, d.h. Menschen mit einem breiteren Hinterteil können ihn nicht gut nutzen, weil es an den Seiten für die Hüften Airbags gibt, die sich aufblasen und das tut dann sehr weh. Das Massagewerk im Inneren des Sessels ist sehr stark und kraftvoll mit vielen Optionen. Leider ist die Fernbedienung so konstruiert, dass man all diese sehr guten Optionen nicht individuell einstellen und nutzen kann. Z.B. kann man nicht die Massagerollen am Rücken hoch und runter laufen lassen, ohne dass man den Knopf an der Bedienung gedrückt halten muss und zwar kräftig - da kann man natürlich nicht dabei entspannen. Das ist sehr schade, da alles dafür vorhanden ist. Evtl. können die Konstrukteure das überarbeiten. Leider habe ich nach der ersten Massage solche Schmerzen am ganzen Rücken und im Nacken, dass ich das Gerät wahrscheinlich nicht behalten kann. Es soll ja wohltuend sein, leider für meinen Körper war es eher wie eine Foltermassage. Ich habe jetzt seit 3 Tagen starke Schmerzen.";"3";"2023-01-28 07:55:20";"";"";"Anonym";"anonym@gsg.com";"8155779530968"
"Rudergerät top Display flop";"Das Gerät an sich ist seid zwei Jahren bei mir in intensiver Nutzung und hält gut mit. ABER der Trainingscomputer ist ein absoluter Witz. Der misst sogar den Puls ohne das ich einen Pulsgurt trage und wenn ich einen trage sind die Werte utopisch und ich habe einige Gurte von einigen Herstellern ausprobiert und auch von Maxxus einen anderen Computer bekommen der genauso floppte. Der Computer ist Müll und zum ernsten Rudertraining absolut nicht nutzbar. Das ist echt einfach nur ein 2,50 € Display mit ein paar Zahlen drauf. Und auch der Support meiner Beschwerde und Nachfrage zu den Display Problemen ist Unterirdisch neuen Computer bekommen gleiches Problem Support kennt sich mit dem Gerät garnicht aus Antwort Na der ist ja auch schön älter Rückruf versprochen nicht gehalten. Also wer hier auf gute Beratung hofft ist wirklich fehl. Nochmal kaufen würde ich es definitiv nicht dann lieber Concept 2.";"3";"2023-09-05 17:00:36";"";"";"Anonym";"anonym@gsg.com";"8144485941464"